email,password,nickname
loadtest0@test.com,password1234,tester0
loadtest1@test.com,password1234,tester1
loadtest2@test.com,password1234,tester2
loadtest3@test.com,password1234,tester3
loadtest4@test.com,password1234,tester4
loadtest5@test.com,password1234,tester5
loadtest6@test.com,password1234,tester6
loadtest7@test.com,password1234,tester7
loadtest8@test.com,password1234,tester8
loadtest9@test.com,password1234,tester9
loadtest10@test.com,password1234,tester10
loadtest11@test.com,password1234,tester11
loadtest12@test.com,password1234,tester12
loadtest13@test.com,password1234,tester13
loadtest14@test.com,password1234,tester14
loadtest15@test.com,password1234,tester15
loadtest16@test.com,password1234,tester16
loadtest17@test.com,password1234,tester17
loadtest18@test.com,password1234,tester18
loadtest19@test.com,password1234,tester19
loadtest20@test.com,password1234,tester20
loadtest21@test.com,password1234,tester21
loadtest22@test.com,password1234,tester22
loadtest23@test.com,password1234,tester23
loadtest24@test.com,password1234,tester24
loadtest25@test.com,password1234,tester25
loadtest26@test.com,password1234,tester26
loadtest27@test.com,password1234,tester27
loadtest28@test.com,password1234,tester28
loadtest29@test.com,password1234,tester29
loadtest30@test.com,password1234,tester30
loadtest31@test.com,password1234,tester31
loadtest32@test.com,password1234,tester32
loadtest33@test.com,password1234,tester33
loadtest34@test.com,password1234,tester34
loadtest35@test.com,password1234,tester35
loadtest36@test.com,password1234,tester36
loadtest37@test.com,password1234,tester37
loadtest38@test.com,password1234,tester38
loadtest39@test.com,password1234,tester39
loadtest40@test.com,password1234,tester40
loadtest41@test.com,password1234,tester41
loadtest42@test.com,password1234,tester42
loadtest43@test.com,password1234,tester43
loadtest44@test.com,password1234,tester44
loadtest45@test.com,password1234,tester45
loadtest46@test.com,password1234,tester46
loadtest47@test.com,password1234,tester47
loadtest48@test.com,password1234,tester48
loadtest49@test.com,password1234,tester49
loadtest50@test.com,password1234,tester50
loadtest51@test.com,password1234,tester51
loadtest52@test.com,password1234,tester52
loadtest53@test.com,password1234,tester53
loadtest54@test.com,password1234,tester54
loadtest55@test.com,password1234,tester55
loadtest56@test.com,password1234,tester56
loadtest57@test.com,password1234,tester57
loadtest58@test.com,password1234,tester58
loadtest59@test.com,password1234,tester59
loadtest60@test.com,password1234,tester60
loadtest61@test.com,password1234,tester61
loadtest62@test.com,password1234,tester62
loadtest63@test.com,password1234,tester63
loadtest64@test.com,password1234,tester64
loadtest65@test.com,password1234,tester65
loadtest66@test.com,password1234,tester66
loadtest67@test.com,password1234,tester67
loadtest68@test.com,password1234,tester68
loadtest69@test.com,password1234,tester69
loadtest70@test.com,password1234,tester70
loadtest71@test.com,password1234,tester71
loadtest72@test.com,password1234,tester72
loadtest73@test.com,password1234,tester73
loadtest74@test.com,password1234,tester74
loadtest75@test.com,password1234,tester75
loadtest76@test.com,password1234,tester76
loadtest77@test.com,password1234,tester77
loadtest78@test.com,password1234,tester78
loadtest79@test.com,password1234,tester79
loadtest80@test.com,password1234,tester80
loadtest81@test.com,password1234,tester81
loadtest82@test.com,password1234,tester82
loadtest83@test.com,password1234,tester83
loadtest84@test.com,password1234,tester84
loadtest85@test.com,password1234,tester85
loadtest86@test.com,password1234,tester86
loadtest87@test.com,password1234,tester87
loadtest88@test.com,password1234,tester88
loadtest89@test.com,password1234,tester89
loadtest90@test.com,password1234,tester90
loadtest91@test.com,password1234,tester91
loadtest92@test.com,password1234,tester92
loadtest93@test.com,password1234,tester93
loadtest94@test.com,password1234,tester94
loadtest95@test.com,password1234,tester95
loadtest96@test.com,password1234,tester96
loadtest97@test.com,password1234,tester97
loadtest98@test.com,password1234,tester98
loadtest99@test.com,password1234,tester99
